locus,sample,mutation
missing coverage (MC),1,deletion
missing coverage (MC),2,deletion
missing coverage (MC),3,deletion
missing coverage (MC),4,deletion
crl,1,deletion
crl,2,deletion
crl,3,deletion
crl,4,deletion
b4395,1,none
b4395,2,none
b4395,3,transition
b4395,4,none
b4170,1,none
b4170,2,transition
b4170,3,none
b4170,4,none
b4169,1,none
b4169,2,none
b4169,3,none
b4169,4,transition
b4065,1,none
b4065,2,none
b4065,3,none
b4065,4,transversion
b3876,1,none
b3876,2,none
b3876,3,none
b3876,4,transition
b3569,1,none
b3569,2,none
b3569,3,none
b3569,4,transition
b3365,1,none
b3365,2,none
b3365,3,transition
b3365,4,none
b2934,1,none
b2934,2,none
b2934,3,transition
b2934,4,none
b2557,1,none
b2557,2,none
b2557,3,transition
b2557,4,none
b2366,1,none
b2366,2,none
b2366,3,transition
b2366,4,none
b1821,1,transition
b1821,2,transition
b1821,3,transition
b1821,4,transition
b1644,1,none
b1644,2,none
b1644,3,transition
b1644,4,none
b1580,1,none
b1580,2,none
b1580,3,none
b1580,4,transition
b1473,1,none
b1473,2,none
b1473,3,transition
b1473,4,none
b1436,1,none
b1436,2,none
b1436,3,transition
b1436,4,none
b1241,1,none
b1241,2,none
b1241,3,none
b1241,4,transition
b1188,1,none
b1188,2,transition
b1188,3,transition
b1188,4,transition
b0771,1,transversion
b0771,2,transversion
b0771,3,transversion
b0771,4,none
b0675,1,none
b0675,2,none
b0675,3,none
b0675,4,transition
b0568,1,none
b0568,2,none
b0568,3,none
b0568,4,transition
b0473,1,none
b0473,2,none
b0473,3,transition
b0473,4,none
b0424,1,none
b0424,2,none
b0424,3,transversion
b0424,4,none
b0368,1,none
b0368,2,none
b0368,3,none
b0368,4,transition
b0115,1,none
b0115,2,none
b0115,3,none
b0115,4,transition
b0064,1,none
b0064,2,transition
b0064,3,none
b0064,4,none